Dnet_A_N01_POL_I.Data,Dnet_A_N01_POL_O.Data_x.Data_0
Dnet_A_N01_POL_I.Data1,Dnet_A_N01_POL_O.Data_x.Data_1
Dnet_A_N01_POL_I.Data2,Dnet_A_N02_POL_O.Data_x.Data_0
Dnet_A_N01_POL_I.ExtendedData,Dnet_A_N02_POL_O.Data_x.Data_1
Dnet_A_N01_POL_I.ExtendedData1,Dnet_A_N03_POL_O.Data_x.Data_0
Dnet_A_N01_POL_I.ExtendedData2,Dnet_A_N03_POL_O.Data_x.Data_1
Dnet_A_N01_POL_I.ExtendedData3,Dnet_A_N04_POL_O.Data_x.Data_0
Dnet_A_N01_POL_I.ExtendedData4,Dnet_A_N04_POL_O.Data_x.Data_1
Dnet_A_N02_POL_I.Data,Dnet_A_N05_POL_O.Data_x.Data_0
Dnet_A_N02_POL_I.Data1,Dnet_A_N05_POL_O.Data_x.Data_1
Dnet_A_N02_POL_I.Data2,Dnet_A_N06_POL_O.Data_x.Data_0
Dnet_A_N02_POL_I.ExtendedData,Dnet_A_N06_POL_O.Data_x.Data_1
Dnet_A_N02_POL_I.ExtendedData1,Dnet_A_N07_POL_O.Data_x.Data_0
Dnet_A_N02_POL_I.ExtendedData2,Dnet_A_N07_POL_O.Data_x.Data_1
Dnet_A_N02_POL_I.ExtendedData3,Dnet_A_N08_POL_O.Data_x.Data_0
Dnet_A_N02_POL_I.ExtendedData4,Dnet_A_N08_POL_O.Data_x.Data_1
Dnet_A_N03_POL_I.Data,Dnet_A_N09_POL_O.Data_x.Data_0
Dnet_A_N03_POL_I.Data1,Dnet_A_N09_POL_O.Data_x.Data_1
Dnet_A_N03_POL_I.Data2,Dnet_A_N10_POL_O.Data_x.Data_0
Dnet_A_N03_POL_I.ExtendedData,Dnet_A_N10_POL_O.Data_x.Data_1
Dnet_A_N03_POL_I.ExtendedData1,Dnet_A_N11_POL_O.Data_x.Data_0
Dnet_A_N03_POL_I.ExtendedData2,Dnet_A_N11_POL_O.Data_x.Data_1
Dnet_A_N03_POL_I.ExtendedData3,Dnet_A_N12_POL_O.Data_x.Data_0
Dnet_A_N03_POL_I.ExtendedData4,Dnet_A_N12_POL_O.Data_x.Data_1
Dnet_A_N04_POL_I.Data,Dnet_A_N13_POL_O.Data_x.Data_0
Dnet_A_N04_POL_I.Data1,Dnet_A_N13_POL_O.Data_x.Data_1
Dnet_A_N04_POL_I.Data2,Dnet_A_N14_POL_O.Data_x.Data_0
Dnet_A_N04_POL_I.ExtendedData,Dnet_A_N14_POL_O.Data_x.Data_1
Dnet_A_N04_POL_I.ExtendedData1,Dnet_A_N15_POL_O.Data_x.Data_0
Dnet_A_N04_POL_I.ExtendedData2,Dnet_A_N15_POL_O.Data_x.Data_1
Dnet_A_N04_POL_I.ExtendedData3,Dnet_A_N16_POL_O.Data_x.Data_0
Dnet_A_N04_POL_I.ExtendedData4,Dnet_A_N16_POL_O.Data_x.Data_1
Dnet_A_N05_POL_I.Data,Dnet_A_N17_POL_O.Data_x.Data_0
Dnet_A_N05_POL_I.Data1,Dnet_A_N17_POL_O.Data_x.Data_1
Dnet_A_N05_POL_I.Data2,Dnet_A_N19_POL_O.Data_x.Data_0
Dnet_A_N05_POL_I.ExtendedData,Dnet_A_N19_POL_O.Data_x.Data_1
Dnet_A_N05_POL_I.ExtendedData1,Dnet_A_N20_POL_O.Data_x.Data_0
Dnet_A_N05_POL_I.ExtendedData2,Dnet_A_N20_POL_O.Data_x.Data_1
Dnet_A_N05_POL_I.ExtendedData3,Dnet_A_N21_POL_O.Data_x.Data_0
Dnet_A_N05_POL_I.ExtendedData4,Dnet_A_N21_POL_O.Data_x.Data_1
Dnet_A_N06_POL_I.Data,Dnet_A_N23_POL_O.Data_x.Data_0
Dnet_A_N06_POL_I.Data1,Dnet_A_N23_POL_O.Data_x.Data_1
Dnet_A_N06_POL_I.Data2,Dnet_A_N24_POL_O.Data_x.Data_0
Dnet_A_N06_POL_I.ExtendedData,Dnet_A_N24_POL_O.Data_x.Data_1
Dnet_A_N06_POL_I.ExtendedData1,Dnet_A_N25_POL_O.Data_x.Data_0
Dnet_A_N06_POL_I.ExtendedData2,Dnet_A_N25_POL_O.Data_x.Data_1
Dnet_A_N06_POL_I.ExtendedData3,Dnet_A_N27_POL_O.Data_x.Data_0
Dnet_A_N06_POL_I.ExtendedData4,Dnet_A_N27_POL_O.Data_x.Data_1
Dnet_A_N07_POL_I.Data,Dnet_A_N28_POL_O.Data_x.Data_0
Dnet_A_N07_POL_I.Data1,Dnet_A_N28_POL_O.Data_x.Data_1
Dnet_A_N07_POL_I.Data2,Dnet_A_N29_POL_O.Data_x.Data_0
Dnet_A_N07_POL_I.ExtendedData,Dnet_A_N29_POL_O.Data_x.Data_1
Dnet_A_N07_POL_I.ExtendedData1,Dnet_A_N31_POL_O.Data_x.Data_0
Dnet_A_N07_POL_I.ExtendedData2,Dnet_A_N31_POL_O.Data_x.Data_1
Dnet_A_N07_POL_I.ExtendedData3,Dnet_A_N32_POL_O.Data_x.Data_0
Dnet_A_N07_POL_I.ExtendedData4,Dnet_A_N32_POL_O.Data_x.Data_1
Dnet_A_N08_POL_I.Data,Dnet_A_N33_POL_O.Data_x.Data_0
Dnet_A_N08_POL_I.Data1,Dnet_A_N33_POL_O.Data_x.Data_1
Dnet_A_N08_POL_I.Data2,Dnet_A_N34_POL_O.Data_x.Data_0
Dnet_A_N08_POL_I.ExtendedData,Dnet_A_N34_POL_O.Data_x.Data_1
Dnet_A_N08_POL_I.ExtendedData1,Dnet_A_N35_POL_O.Data_x.Data_0
Dnet_A_N08_POL_I.ExtendedData2,Dnet_A_N35_POL_O.Data_x.Data_1
Dnet_A_N08_POL_I.ExtendedData3,Dnet_A_N36_POL_O.Data_x.Data_0
Dnet_A_N08_POL_I.ExtendedData4,Dnet_A_N36_POL_O.Data_x.Data_1
Dnet_A_N09_POL_I.Data,Dnet_A_N37_POL_O.Data_x.Data_0
Dnet_A_N09_POL_I.Data1,Dnet_A_N37_POL_O.Data_x.Data_1
Dnet_A_N09_POL_I.Data2,Dnet_A_N38_POL_O.Data_x.Data_0
Dnet_A_N09_POL_I.ExtendedData,Dnet_A_N38_POL_O.Data_x.Data_1
Dnet_A_N09_POL_I.ExtendedData1,Dnet_A_N39_POL_O.Data_x.Data_0
Dnet_A_N09_POL_I.ExtendedData2,Dnet_A_N39_POL_O.Data_x.Data_1
Dnet_A_N09_POL_I.ExtendedData3,Dnet_A_N40_POL_O.Data_x.Data_0
Dnet_A_N09_POL_I.ExtendedData4,Dnet_A_N40_POL_O.Data_x.Data_1
Dnet_A_N10_POL_I.Data,Dnet_A_N41_POL_O.Data_x.Data_0
Dnet_A_N10_POL_I.Data1,Dnet_A_N41_POL_O.Data_x.Data_1
Dnet_A_N10_POL_I.Data2,Dnet_A_N42_POL_O.Data_x.Data_0
Dnet_A_N10_POL_I.ExtendedData,Dnet_A_N42_POL_O.Data_x.Data_1
Dnet_A_N10_POL_I.ExtendedData1,Dnet_A_N43_POL_O.Data_x.Data_0
Dnet_A_N10_POL_I.ExtendedData2,Dnet_A_N43_POL_O.Data_x.Data_1
Dnet_A_N10_POL_I.ExtendedData3,Dnet_A_N44_POL_O.Data_x.Data_0
Dnet_A_N10_POL_I.ExtendedData4,Dnet_A_N44_POL_O.Data_x.Data_1
Dnet_A_N11_POL_I.Data_x.Data_0,Dnet_A_N45_POL_O.Data_x.Data_0
Dnet_A_N11_POL_I.Data_x.Data_1,Dnet_A_N45_POL_O.Data_x.Data_1
Dnet_A_N11_POL_I.Data_x.Data_2,Dnet_A_N46_POL_O.Data_x.Data_0
Dnet_A_N11_POL_I.Data_x.Data_3,Dnet_A_N46_POL_O.Data_x.Data_1
Dnet_A_N11_POL_I.Data_x.Data_4,Dnet_A_N47_POL_O.Data_x.Data_0
Dnet_A_N11_POL_I.Data_x.Data_5,Dnet_A_N47_POL_O.Data_x.Data_1
Dnet_A_N11_POL_I.Data_x.Data_6,Dnet_A_N49_POL_O.Data
Dnet_A_N11_POL_I.Data_x.Data_7,Dnet_A_N49_POL_O.Data1
Dnet_A_N12_POL_I.Data,Dnet_A_N49_POL_O.ExtendedData
Dnet_A_N12_POL_I.Data1,Dnet_A_N50_POL_O.Data_x.Data_0
Dnet_A_N12_POL_I.Data2,Dnet_A_N50_POL_O.Data_x.Data_1
Dnet_A_N12_POL_I.ExtendedData,Dnet_A_N51_POL_O.Data_x.Data_0
Dnet_A_N12_POL_I.ExtendedData1,Dnet_A_N51_POL_O.Data_x.Data_1
Dnet_A_N12_POL_I.ExtendedData2,Dnet_A_N52_POL_O.Data
Dnet_A_N12_POL_I.ExtendedData3,Dnet_A_N52_POL_O.Data1
Dnet_A_N12_POL_I.ExtendedData4,Dnet_A_N52_POL_O.ExtendedData
Dnet_A_N13_POL_I.Data,Dnet_A_N53_POL_O.Data
Dnet_A_N13_POL_I.Data1,Dnet_A_N53_POL_O.Data1
Dnet_A_N13_POL_I.Data2,Dnet_A_N53_POL_O.ExtendedData
Dnet_A_N13_POL_I.ExtendedData,Dnet_A_N54_POL_O.Data
Dnet_A_N13_POL_I.ExtendedData1,Dnet_A_N54_POL_O.Data1
Dnet_A_N13_POL_I.ExtendedData2,Dnet_A_N54_POL_O.ExtendedData
Dnet_A_N13_POL_I.ExtendedData3,Dnet_A_N55_POL_O.Data_x.Data_0
Dnet_A_N13_POL_I.ExtendedData4,Dnet_A_N55_POL_O.Data_x.Data_1
Dnet_A_N14_POL_I.Data,Dnet_A_N56_POL_O.Data_x.Data_0
Dnet_A_N14_POL_I.Data1,Dnet_A_N56_POL_O.Data_x.Data_1
Dnet_A_N14_POL_I.Data2,Dnet_A_N63_POL_O.Data_x.Data_0
Dnet_A_N14_POL_I.ExtendedData,Dnet_A_N63_POL_O.Data_x.Data_1
Dnet_A_N14_POL_I.ExtendedData1,Dnet_B_N01_POL_O.Data_x.Data_0
Dnet_A_N14_POL_I.ExtendedData2,Dnet_B_N01_POL_O.Data_x.Data_1
Dnet_A_N14_POL_I.ExtendedData3,Dnet_B_N02_POL_O.Data_x.Data_0
Dnet_A_N14_POL_I.ExtendedData4,Dnet_B_N02_POL_O.Data_x.Data_1
Dnet_A_N15_POL_I.Data,Dnet_B_N03_POL_O.Data_x.Data_0
Dnet_A_N15_POL_I.Data1,Dnet_B_N03_POL_O.Data_x.Data_1
Dnet_A_N15_POL_I.Data2,Dnet_B_N04_POL_O.Data_x.Data_0
Dnet_A_N15_POL_I.ExtendedData,Dnet_B_N04_POL_O.Data_x.Data_1
Dnet_A_N15_POL_I.ExtendedData1,Dnet_B_N05_POL_O.Data_x.Data_0
Dnet_A_N15_POL_I.ExtendedData2,Dnet_B_N05_POL_O.Data_x.Data_1
Dnet_A_N15_POL_I.ExtendedData3,Dnet_B_N06_POL_O.Data_x.Data_0
Dnet_A_N15_POL_I.ExtendedData4,Dnet_B_N06_POL_O.Data_x.Data_1
Dnet_A_N16_POL_I.Data,Dnet_B_N08_POL_O.Data_x.Data_0
Dnet_A_N16_POL_I.Data1,Dnet_B_N08_POL_O.Data_x.Data_1
Dnet_A_N16_POL_I.Data2,Dnet_B_N09_POL_O.Data_x.Data_0
Dnet_A_N16_POL_I.ExtendedData,Dnet_B_N09_POL_O.Data_x.Data_1
Dnet_A_N16_POL_I.ExtendedData1,Dnet_B_N10_POL_O.Data_x.Data_0
Dnet_A_N16_POL_I.ExtendedData2,Dnet_B_N10_POL_O.Data_x.Data_1
Dnet_A_N16_POL_I.ExtendedData3,Dnet_B_N11_POL_O.Data_x.Data_0
Dnet_A_N16_POL_I.ExtendedData4,Dnet_B_N11_POL_O.Data_x.Data_1
Dnet_A_N17_POL_I.Data,Dnet_B_N12_POL_O.Data_x.Data_0
Dnet_A_N17_POL_I.Data1,Dnet_B_N12_POL_O.Data_x.Data_1
Dnet_A_N17_POL_I.Data2,Dnet_B_N13_POL_O.Data_x.Data_0
Dnet_A_N17_POL_I.ExtendedData,Dnet_B_N13_POL_O.Data_x.Data_1
Dnet_A_N17_POL_I.ExtendedData1,Dnet_B_N14_POL_O.Data_x.Data_0
Dnet_A_N17_POL_I.ExtendedData2,Dnet_B_N14_POL_O.Data_x.Data_1
Dnet_A_N17_POL_I.ExtendedData3,Dnet_B_N15_POL_O.Data_x.Data_0
Dnet_A_N17_POL_I.ExtendedData4,Dnet_B_N15_POL_O.Data_x.Data_1
Dnet_A_N19_POL_I.Data,Dnet_B_N21_POL_O.Data
Dnet_A_N19_POL_I.Data1,Dnet_C_N09_POL_O.Data_x.Data_00
Dnet_A_N19_POL_I.Data2,Dnet_C_N09_POL_O.Data_x.Data_01
Dnet_A_N19_POL_I.ExtendedData,Dnet_C_N09_POL_O.Data_x.Data_02
Dnet_A_N19_POL_I.ExtendedData1,Dnet_C_N09_POL_O.Data_x.Data_03
Dnet_A_N19_POL_I.ExtendedData2,Dnet_C_N09_POL_O.Data_x.Data_04
Dnet_A_N19_POL_I.ExtendedData3,Dnet_C_N09_POL_O.Data_x.Data_05
Dnet_A_N19_POL_I.ExtendedData4,Dnet_C_N09_POL_O.Data_x.Data_06
Dnet_A_N20_POL_I.Data,Dnet_C_N09_POL_O.Data_x.Data_07
Dnet_A_N20_POL_I.Data1,Dnet_C_N09_POL_O.Data_x.Data_08
Dnet_A_N20_POL_I.Data2,Dnet_C_N09_POL_O.Data_x.Data_09
Dnet_A_N20_POL_I.ExtendedData,Dnet_C_N09_POL_O.Data_x.Data_10
Dnet_A_N20_POL_I.ExtendedData1,Dnet_C_N09_POL_O.Data_x.Data_11
Dnet_A_N20_POL_I.ExtendedData2,Dnet_C_N09_POL_O.Data_x.Data_12
Dnet_A_N20_POL_I.ExtendedData3,Dnet_C_N09_POL_O.Data_x.Data_13
Dnet_A_N20_POL_I.ExtendedData4,Dnet_C_N09_POL_O.Data_x.Data_14
Dnet_A_N21_POL_I.Data,Dnet_C_N09_POL_O.Data_x.Data_15
Dnet_A_N21_POL_I.Data1,Dnet_C_N09_POL_O.Data_x.Data_16
Dnet_A_N21_POL_I.Data2,Dnet_C_N09_POL_O.Data_x.Data_17
Dnet_A_N21_POL_I.ExtendedData,Dnet_C_N09_POL_O.Data_x.Data_18
Dnet_A_N21_POL_I.ExtendedData1,Dnet_C_N09_POL_O.Data_x.Data_19
Dnet_A_N21_POL_I.ExtendedData2,Dnet_C_N09_POL_O.Data_x.Data_20
Dnet_A_N21_POL_I.ExtendedData3,Dnet_C_N09_POL_O.Data_x.Data_21
Dnet_A_N21_POL_I.ExtendedData4,Dnet_C_N09_POL_O.Data_x.Data_22
Dnet_A_N23_POL_I.Data,Dnet_C_N09_POL_O.Data_x.Data_23
Dnet_A_N23_POL_I.Data1,Dnet_C_N09_POL_O.Data_x.Data_24
Dnet_A_N23_POL_I.Data2,Dnet_C_N09_POL_O.Data_x.Data_25
Dnet_A_N23_POL_I.ExtendedData,Dnet_C_N09_POL_O.Data_x.Data_26
Dnet_A_N23_POL_I.ExtendedData1,Dnet_C_N09_POL_O.Data_x.Data_27
Dnet_A_N23_POL_I.ExtendedData2,Dnet_C_N09_POL_O.Data_x.Data_28
Dnet_A_N23_POL_I.ExtendedData3,Dnet_C_N09_POL_O.Data_x.Data_29
Dnet_A_N23_POL_I.ExtendedData4,Dnet_C_N09_POL_O.Data_x.Data_30
Dnet_A_N24_POL_I.Data,Dnet_C_N09_POL_O.Data_x.Data_31
Dnet_A_N24_POL_I.Data1,Dnet_C_N09_POL_O.Data_x.Data_32
Dnet_A_N24_POL_I.Data2,Dnet_C_N09_POL_O.Data_x.Data_33
Dnet_A_N24_POL_I.ExtendedData,Dnet_C_N09_POL_O.Data_x.Data_34
Dnet_A_N24_POL_I.ExtendedData1,Dnet_C_N09_POL_O.Data_x.Data_35
Dnet_A_N24_POL_I.ExtendedData2,Dnet_C_N09_POL_O.Data_x.Data_36
Dnet_A_N24_POL_I.ExtendedData3,Dnet_C_N09_POL_O.Data_x.Data_37
Dnet_A_N24_POL_I.ExtendedData4,Dnet_C_N09_POL_O.Data_x.Data_38
Dnet_A_N25_POL_I.Data,Dnet_C_N09_POL_O.Data_x.Data_39
Dnet_A_N25_POL_I.Data1,Dnet_C_N09_POL_O.Data_x.Data_40
Dnet_A_N25_POL_I.Data2,Dnet_C_N09_POL_O.Data_x.Data_41
Dnet_A_N25_POL_I.ExtendedData,Dnet_C_N09_POL_O.Data_x.Data_42
Dnet_A_N25_POL_I.ExtendedData1,Dnet_C_N09_POL_O.Data_x.Data_43
Dnet_A_N25_POL_I.ExtendedData2,Dnet_C_N09_POL_O.Data_x.Data_44
Dnet_A_N25_POL_I.ExtendedData3,Dnet_C_N09_POL_O.Data_x.Data_45
Dnet_A_N25_POL_I.ExtendedData4,Dnet_C_N09_POL_O.Data_x.Data_46
Dnet_A_N27_POL_I.Data,Dnet_C_N09_POL_O.Data_x.Data_47
Dnet_A_N27_POL_I.Data1,Dnet_C_N09_POL_O.Data_x.Data_48
Dnet_A_N27_POL_I.Data2,Dnet_C_N09_POL_O.Data_x.Data_49
Dnet_A_N27_POL_I.ExtendedData,Dnet_C_N09_POL_O.Data_x.Data_50
Dnet_A_N27_POL_I.ExtendedData1,Dnet_C_N09_POL_O.Data_x.Data_51
Dnet_A_N27_POL_I.ExtendedData2,Dnet_C_N09_POL_O.Data_x.Data_52
Dnet_A_N27_POL_I.ExtendedData3,Dnet_C_N09_POL_O.Data_x.Data_53
Dnet_A_N27_POL_I.ExtendedData4,Dnet_C_N09_POL_O.Data_x.Data_54
Dnet_A_N28_POL_I.Data,Dnet_C_N09_POL_O.Data_x.Data_55
Dnet_A_N28_POL_I.Data1,Dnet_C_N09_POL_O.Data_x.Data_56
Dnet_A_N28_POL_I.Data2,Dnet_C_N09_POL_O.Data_x.Data_57
Dnet_A_N28_POL_I.ExtendedData,Dnet_C_N09_POL_O.Data_x.Data_58
Dnet_A_N28_POL_I.ExtendedData1,Dnet_C_N09_POL_O.Data_x.Data_59
Dnet_A_N28_POL_I.ExtendedData2,Dnet_C_N09_POL_O.Data_x.Data_60
Dnet_A_N28_POL_I.ExtendedData3,Dnet_C_N09_POL_O.Data_x.Data_61
Dnet_A_N28_POL_I.ExtendedData4,Dnet_C_N09_POL_O.Data_x.Data_62
Dnet_A_N29_POL_I.Data,Dnet_C_N09_POL_O.Data_x.Data_63
Dnet_A_N29_POL_I.Data1,Dnet_C_N09_POL_O.Data_x.Data_64
Dnet_A_N29_POL_I.Data2,Dnet_C_N09_POL_O.Data_x.Data_65
Dnet_A_N29_POL_I.ExtendedData,Dnet_C_N09_POL_O.Data_x.Data_66
Dnet_A_N29_POL_I.ExtendedData1,Dnet_C_N09_POL_O.Data_x.Data_67
Dnet_A_N29_POL_I.ExtendedData2,Dnet_C_N09_POL_O.Data_x.Data_68
Dnet_A_N29_POL_I.ExtendedData3,Dnet_C_N09_POL_O.Data_x.Data_69
Dnet_A_N29_POL_I.ExtendedData4,Dnet_C_N09_POL_O.Data_x.Data_70
Dnet_A_N31_POL_I.Data,Dnet_C_N09_POL_O.Data_x.Data_71
Dnet_A_N31_POL_I.Data1,Dnet_C_N09_POL_O.Data_x.Data_72
Dnet_A_N31_POL_I.Data2,Dnet_C_N09_POL_O.Data_x.Data_73
Dnet_A_N31_POL_I.ExtendedData,Dnet_C_N09_POL_O.Data_x.Data_74
Dnet_A_N31_POL_I.ExtendedData1,Dnet_C_N09_POL_O.Data_x.Data_75
Dnet_A_N31_POL_I.ExtendedData2,Dnet_C_N09_POL_O.Data_x.Data_76
Dnet_A_N31_POL_I.ExtendedData3,Dnet_C_N09_POL_O.Data_x.Data_77
Dnet_A_N31_POL_I.ExtendedData4,Dnet_C_N09_POL_O.Data_x.Data_78
Dnet_A_N32_POL_I.Data,Dnet_C_N09_POL_O.Data_x.Data_79
Dnet_A_N32_POL_I.Data1,
Dnet_A_N32_POL_I.Data2,
Dnet_A_N32_POL_I.ExtendedData,
Dnet_A_N32_POL_I.ExtendedData1,
Dnet_A_N32_POL_I.ExtendedData2,
Dnet_A_N32_POL_I.ExtendedData3,
Dnet_A_N32_POL_I.ExtendedData4,
Dnet_A_N33_POL_I.Data,
Dnet_A_N33_POL_I.Data1,
Dnet_A_N33_POL_I.Data2,
Dnet_A_N33_POL_I.ExtendedData,
Dnet_A_N33_POL_I.ExtendedData1,
Dnet_A_N33_POL_I.ExtendedData2,
Dnet_A_N33_POL_I.ExtendedData3,
Dnet_A_N33_POL_I.ExtendedData4,
Dnet_A_N34_POL_I.Data,
Dnet_A_N34_POL_I.Data1,
Dnet_A_N34_POL_I.Data2,
Dnet_A_N34_POL_I.ExtendedData,
Dnet_A_N34_POL_I.ExtendedData1,
Dnet_A_N34_POL_I.ExtendedData2,
Dnet_A_N34_POL_I.ExtendedData3,
Dnet_A_N34_POL_I.ExtendedData4,
Dnet_A_N35_POL_I.Data,
Dnet_A_N35_POL_I.Data1,
Dnet_A_N35_POL_I.Data2,
Dnet_A_N35_POL_I.ExtendedData,
Dnet_A_N35_POL_I.ExtendedData1,
Dnet_A_N35_POL_I.ExtendedData2,
Dnet_A_N35_POL_I.ExtendedData3,
Dnet_A_N35_POL_I.ExtendedData4,
Dnet_A_N36_POL_I.Data,
Dnet_A_N36_POL_I.Data1,
Dnet_A_N36_POL_I.Data2,
Dnet_A_N36_POL_I.ExtendedData,
Dnet_A_N36_POL_I.ExtendedData1,
Dnet_A_N36_POL_I.ExtendedData2,
Dnet_A_N36_POL_I.ExtendedData3,
Dnet_A_N36_POL_I.ExtendedData4,
Dnet_A_N37_POL_I.Data_x.Data_0,
Dnet_A_N37_POL_I.Data_x.Data_1,
Dnet_A_N37_POL_I.Data_x.Data_2,
Dnet_A_N37_POL_I.Data_x.Data_3,
Dnet_A_N37_POL_I.Data_x.Data_4,
Dnet_A_N37_POL_I.Data_x.Data_5,
Dnet_A_N37_POL_I.Data_x.Data_6,
Dnet_A_N37_POL_I.Data_x.Data_7,
Dnet_A_N38_POL_I.Data,
Dnet_A_N38_POL_I.Data1,
Dnet_A_N38_POL_I.Data2,
Dnet_A_N38_POL_I.ExtendedData,
Dnet_A_N38_POL_I.ExtendedData1,
Dnet_A_N38_POL_I.ExtendedData2,
Dnet_A_N38_POL_I.ExtendedData3,
Dnet_A_N38_POL_I.ExtendedData4,
Dnet_A_N39_POL_I.Data,
Dnet_A_N39_POL_I.Data1,
Dnet_A_N39_POL_I.Data2,
Dnet_A_N39_POL_I.ExtendedData,
Dnet_A_N39_POL_I.ExtendedData1,
Dnet_A_N39_POL_I.ExtendedData2,
Dnet_A_N39_POL_I.ExtendedData3,
Dnet_A_N39_POL_I.ExtendedData4,
Dnet_A_N40_POL_I.Data,
Dnet_A_N40_POL_I.Data1,
Dnet_A_N40_POL_I.Data2,
Dnet_A_N40_POL_I.ExtendedData,
Dnet_A_N40_POL_I.ExtendedData1,
Dnet_A_N40_POL_I.ExtendedData2,
Dnet_A_N40_POL_I.ExtendedData3,
Dnet_A_N40_POL_I.ExtendedData4,
Dnet_A_N41_POL_I.Data,
Dnet_A_N41_POL_I.Data1,
Dnet_A_N41_POL_I.Data2,
Dnet_A_N41_POL_I.ExtendedData,
Dnet_A_N41_POL_I.ExtendedData1,
Dnet_A_N41_POL_I.ExtendedData2,
Dnet_A_N41_POL_I.ExtendedData3,
Dnet_A_N41_POL_I.ExtendedData4,
Dnet_A_N42_POL_I.Data,
Dnet_A_N42_POL_I.Data1,
Dnet_A_N42_POL_I.Data2,
Dnet_A_N42_POL_I.ExtendedData,
Dnet_A_N42_POL_I.ExtendedData1,
Dnet_A_N42_POL_I.ExtendedData2,
Dnet_A_N42_POL_I.ExtendedData3,
Dnet_A_N42_POL_I.ExtendedData4,
Dnet_A_N43_POL_I.Data,
Dnet_A_N43_POL_I.Data1,
Dnet_A_N43_POL_I.Data2,
Dnet_A_N43_POL_I.ExtendedData,
Dnet_A_N43_POL_I.ExtendedData1,
Dnet_A_N43_POL_I.ExtendedData2,
Dnet_A_N43_POL_I.ExtendedData3,
Dnet_A_N43_POL_I.ExtendedData4,
Dnet_A_N44_POL_I.Data,
Dnet_A_N44_POL_I.Data1,
Dnet_A_N44_POL_I.Data2,
Dnet_A_N44_POL_I.ExtendedData,
Dnet_A_N44_POL_I.ExtendedData1,
Dnet_A_N44_POL_I.ExtendedData2,
Dnet_A_N44_POL_I.ExtendedData3,
Dnet_A_N44_POL_I.ExtendedData4,
Dnet_A_N45_POL_I.Data,
Dnet_A_N45_POL_I.Data1,
Dnet_A_N45_POL_I.Data2,
Dnet_A_N45_POL_I.ExtendedData,
Dnet_A_N45_POL_I.ExtendedData1,
Dnet_A_N45_POL_I.ExtendedData2,
Dnet_A_N45_POL_I.ExtendedData3,
Dnet_A_N45_POL_I.ExtendedData4,
Dnet_A_N46_POL_I.Data,
Dnet_A_N46_POL_I.Data1,
Dnet_A_N46_POL_I.Data2,
Dnet_A_N46_POL_I.ExtendedData,
Dnet_A_N46_POL_I.ExtendedData1,
Dnet_A_N46_POL_I.ExtendedData2,
Dnet_A_N46_POL_I.ExtendedData3,
Dnet_A_N46_POL_I.ExtendedData4,
Dnet_A_N47_POL_I.Data,
Dnet_A_N47_POL_I.Data1,
Dnet_A_N47_POL_I.Data2,
Dnet_A_N47_POL_I.ExtendedData,
Dnet_A_N47_POL_I.ExtendedData1,
Dnet_A_N47_POL_I.ExtendedData2,
Dnet_A_N47_POL_I.ExtendedData3,
Dnet_A_N47_POL_I.ExtendedData4,
Dnet_A_N48_POL_I.Data_x.Data_0,
Dnet_A_N48_POL_I.Data_x.Data_1,
Dnet_A_N48_POL_I.Data_x.Data_2,
Dnet_A_N49_POL_I.Data,
Dnet_A_N49_POL_I.Data1,
Dnet_A_N49_POL_I.Data2,
Dnet_A_N49_POL_I.ExtendedData,
Dnet_A_N49_POL_I.ExtendedData1,
Dnet_A_N49_POL_I.ExtendedData2,
Dnet_A_N49_POL_I.ExtendedData3,
Dnet_A_N49_POL_I.ExtendedData4,
Dnet_A_N50_POL_I.Data_x.Data_0,
Dnet_A_N50_POL_I.Data_x.Data_1,
Dnet_A_N50_POL_I.Data_x.Data_2,
Dnet_A_N50_POL_I.Data_x.Data_3,
Dnet_A_N50_POL_I.Data_x.Data_4,
Dnet_A_N50_POL_I.Data_x.Data_5,
Dnet_A_N50_POL_I.Data_x.Data_6,
Dnet_A_N50_POL_I.Data_x.Data_7,
Dnet_A_N51_POL_I.Data_x.Data_0,
Dnet_A_N51_POL_I.Data_x.Data_1,
Dnet_A_N51_POL_I.Data_x.Data_2,
Dnet_A_N51_POL_I.Data_x.Data_3,
Dnet_A_N51_POL_I.Data_x.Data_4,
Dnet_A_N51_POL_I.Data_x.Data_5,
Dnet_A_N51_POL_I.Data_x.Data_6,
Dnet_A_N51_POL_I.Data_x.Data_7,
Dnet_A_N52_POL_I.Data,
Dnet_A_N52_POL_I.Data1,
Dnet_A_N52_POL_I.Data2,
Dnet_A_N52_POL_I.ExtendedData,
Dnet_A_N52_POL_I.ExtendedData1,
Dnet_A_N52_POL_I.ExtendedData2,
Dnet_A_N52_POL_I.ExtendedData3,
Dnet_A_N52_POL_I.ExtendedData4,
Dnet_A_N53_POL_I.Data,
Dnet_A_N53_POL_I.Data1,
Dnet_A_N53_POL_I.Data2,
Dnet_A_N53_POL_I.ExtendedData,
Dnet_A_N53_POL_I.ExtendedData1,
Dnet_A_N53_POL_I.ExtendedData2,
Dnet_A_N53_POL_I.ExtendedData3,
Dnet_A_N53_POL_I.ExtendedData4,
Dnet_A_N54_POL_I.Data,
Dnet_A_N54_POL_I.Data1,
Dnet_A_N54_POL_I.Data2,
Dnet_A_N54_POL_I.ExtendedData,
Dnet_A_N54_POL_I.ExtendedData1,
Dnet_A_N54_POL_I.ExtendedData2,
Dnet_A_N54_POL_I.ExtendedData3,
Dnet_A_N54_POL_I.ExtendedData4,
Dnet_A_N55_POL_I.Data,
Dnet_A_N55_POL_I.Data1,
Dnet_A_N55_POL_I.Data2,
Dnet_A_N55_POL_I.ExtendedData,
Dnet_A_N55_POL_I.ExtendedData1,
Dnet_A_N55_POL_I.ExtendedData2,
Dnet_A_N55_POL_I.ExtendedData3,
Dnet_A_N55_POL_I.ExtendedData4,
Dnet_A_N56_POL_I.Data,
Dnet_A_N56_POL_I.Data1,
Dnet_A_N56_POL_I.Data2,
Dnet_A_N56_POL_I.ExtendedData,
Dnet_A_N56_POL_I.ExtendedData1,
Dnet_A_N56_POL_I.ExtendedData2,
Dnet_A_N56_POL_I.ExtendedData3,
Dnet_A_N56_POL_I.ExtendedData4,
Dnet_A_N61_POL_I.Data_x.Data_0,
Dnet_A_N61_POL_I.Data_x.Data_1,
Dnet_A_N61_POL_I.Data_x.Data_2,
Dnet_A_N63_POL_I.Data,
Dnet_A_N63_POL_I.Data1,
Dnet_A_N63_POL_I.Data2,
Dnet_A_N63_POL_I.ExtendedData,
Dnet_A_N63_POL_I.ExtendedData1,
Dnet_A_N63_POL_I.ExtendedData2,
Dnet_A_N63_POL_I.ExtendedData3,
Dnet_A_N63_POL_I.ExtendedData4,
Dnet_B_N01_POL_I.Data,
Dnet_B_N01_POL_I.Data1,
Dnet_B_N01_POL_I.Data2,
Dnet_B_N01_POL_I.ExtendedData,
Dnet_B_N01_POL_I.ExtendedData1,
Dnet_B_N01_POL_I.ExtendedData2,
Dnet_B_N01_POL_I.ExtendedData3,
Dnet_B_N01_POL_I.ExtendedData4,
Dnet_B_N02_POL_I.Data,
Dnet_B_N02_POL_I.Data1,
Dnet_B_N02_POL_I.Data2,
Dnet_B_N02_POL_I.ExtendedData,
Dnet_B_N02_POL_I.ExtendedData1,
Dnet_B_N02_POL_I.ExtendedData2,
Dnet_B_N02_POL_I.ExtendedData3,
Dnet_B_N02_POL_I.ExtendedData4,
Dnet_B_N03_POL_I.Data,
Dnet_B_N03_POL_I.Data1,
Dnet_B_N03_POL_I.Data2,
Dnet_B_N03_POL_I.ExtendedData,
Dnet_B_N03_POL_I.ExtendedData1,
Dnet_B_N03_POL_I.ExtendedData2,
Dnet_B_N03_POL_I.ExtendedData3,
Dnet_B_N03_POL_I.ExtendedData4,
Dnet_B_N04_POL_I.Data,
Dnet_B_N04_POL_I.Data1,
Dnet_B_N04_POL_I.Data2,
Dnet_B_N04_POL_I.ExtendedData,
Dnet_B_N04_POL_I.ExtendedData1,
Dnet_B_N04_POL_I.ExtendedData2,
Dnet_B_N04_POL_I.ExtendedData3,
Dnet_B_N04_POL_I.ExtendedData4,
Dnet_B_N05_POL_I.Data,
Dnet_B_N05_POL_I.Data1,
Dnet_B_N05_POL_I.Data2,
Dnet_B_N05_POL_I.ExtendedData,
Dnet_B_N05_POL_I.ExtendedData1,
Dnet_B_N05_POL_I.ExtendedData2,
Dnet_B_N05_POL_I.ExtendedData3,
Dnet_B_N05_POL_I.ExtendedData4,
Dnet_B_N06_POL_I.Data,
Dnet_B_N06_POL_I.Data1,
Dnet_B_N06_POL_I.Data2,
Dnet_B_N06_POL_I.ExtendedData,
Dnet_B_N06_POL_I.ExtendedData1,
Dnet_B_N06_POL_I.ExtendedData2,
Dnet_B_N06_POL_I.ExtendedData3,
Dnet_B_N06_POL_I.ExtendedData4,
Dnet_B_N08_POL_I.Data,
Dnet_B_N08_POL_I.Data1,
Dnet_B_N08_POL_I.Data2,
Dnet_B_N08_POL_I.ExtendedData,
Dnet_B_N08_POL_I.ExtendedData1,
Dnet_B_N08_POL_I.ExtendedData2,
Dnet_B_N08_POL_I.ExtendedData3,
Dnet_B_N08_POL_I.ExtendedData4,
Dnet_B_N09_POL_I.Data,
Dnet_B_N09_POL_I.Data1,
Dnet_B_N09_POL_I.Data2,
Dnet_B_N09_POL_I.ExtendedData,
Dnet_B_N09_POL_I.ExtendedData1,
Dnet_B_N09_POL_I.ExtendedData2,
Dnet_B_N09_POL_I.ExtendedData3,
Dnet_B_N09_POL_I.ExtendedData4,
Dnet_B_N10_POL_I.Data,
Dnet_B_N10_POL_I.Data1,
Dnet_B_N10_POL_I.Data2,
Dnet_B_N10_POL_I.ExtendedData,
Dnet_B_N10_POL_I.ExtendedData1,
Dnet_B_N10_POL_I.ExtendedData2,
Dnet_B_N10_POL_I.ExtendedData3,
Dnet_B_N10_POL_I.ExtendedData4,
Dnet_B_N11_POL_I.Data,
Dnet_B_N11_POL_I.Data1,
Dnet_B_N11_POL_I.Data2,
Dnet_B_N11_POL_I.ExtendedData,
Dnet_B_N11_POL_I.ExtendedData1,
Dnet_B_N11_POL_I.ExtendedData2,
Dnet_B_N11_POL_I.ExtendedData3,
Dnet_B_N11_POL_I.ExtendedData4,
Dnet_B_N12_POL_I.Data,
Dnet_B_N12_POL_I.Data1,
Dnet_B_N12_POL_I.Data2,
Dnet_B_N12_POL_I.ExtendedData,
Dnet_B_N12_POL_I.ExtendedData1,
Dnet_B_N12_POL_I.ExtendedData2,
Dnet_B_N12_POL_I.ExtendedData3,
Dnet_B_N12_POL_I.ExtendedData4,
Dnet_B_N13_POL_I.Data,
Dnet_B_N13_POL_I.Data1,
Dnet_B_N13_POL_I.Data2,
Dnet_B_N13_POL_I.ExtendedData,
Dnet_B_N13_POL_I.ExtendedData1,
Dnet_B_N13_POL_I.ExtendedData2,
Dnet_B_N13_POL_I.ExtendedData3,
Dnet_B_N13_POL_I.ExtendedData4,
Dnet_B_N14_POL_I.Data,
Dnet_B_N14_POL_I.Data1,
Dnet_B_N14_POL_I.Data2,
Dnet_B_N14_POL_I.ExtendedData,
Dnet_B_N14_POL_I.ExtendedData1,
Dnet_B_N14_POL_I.ExtendedData2,
Dnet_B_N14_POL_I.ExtendedData3,
Dnet_B_N14_POL_I.ExtendedData4,
Dnet_B_N15_POL_I.Data,
Dnet_B_N15_POL_I.Data1,
Dnet_B_N15_POL_I.Data2,
Dnet_B_N15_POL_I.ExtendedData,
Dnet_B_N15_POL_I.ExtendedData1,
Dnet_B_N15_POL_I.ExtendedData2,
Dnet_B_N15_POL_I.ExtendedData3,
Dnet_B_N15_POL_I.ExtendedData4,
Dnet_B_N16_POL_I.Data_x.Data_0,
Dnet_B_N16_POL_I.Data_x.Data_1,
Dnet_B_N16_POL_I.Data_x.Data_2,
Dnet_B_N17_POL_I.Data_x.Data_0,
Dnet_B_N17_POL_I.Data_x.Data_1,
Dnet_B_N17_POL_I.Data_x.Data_2,
Dnet_B_N20_POL_I.Data_x.Data_0,
Dnet_B_N20_POL_I.Data_x.Data_1,
Dnet_B_N20_POL_I.Data_x.Data_2,
Dnet_B_N21_POL_I.Data_x.Data_0,
Dnet_B_N21_POL_I.Data_x.Data_1,
Dnet_B_N21_POL_I.Data_x.Data_2,
Dnet_B_N22_POL_I.Data_x.Data_0,
Dnet_B_N22_POL_I.Data_x.Data_1,
Dnet_B_N22_POL_I.Data_x.Data_2,
Dnet_B_N22_POL_I.Data_x.Data_3,
Dnet_B_N22_POL_I.Data_x.Data_4,
Dnet_C_N09_POL_I.Data_x.Data_00,
Dnet_C_N09_POL_I.Data_x.Data_01,
Dnet_C_N09_POL_I.Data_x.Data_02,
Dnet_C_N09_POL_I.Data_x.Data_03,
Dnet_C_N09_POL_I.Data_x.Data_04,
Dnet_C_N09_POL_I.Data_x.Data_05,
Dnet_C_N09_POL_I.Data_x.Data_06,
Dnet_C_N09_POL_I.Data_x.Data_07,
Dnet_C_N09_POL_I.Data_x.Data_08,
Dnet_C_N09_POL_I.Data_x.Data_09,
Dnet_C_N09_POL_I.Data_x.Data_10,
Dnet_C_N09_POL_I.Data_x.Data_11,
Dnet_C_N09_POL_I.Data_x.Data_12,
Dnet_C_N09_POL_I.Data_x.Data_13,
Dnet_C_N09_POL_I.Data_x.Data_14,
Dnet_C_N09_POL_I.Data_x.Data_15,
Dnet_C_N09_POL_I.Data_x.Data_16,
Dnet_C_N09_POL_I.Data_x.Data_17,
Dnet_C_N09_POL_I.Data_x.Data_18,
Dnet_C_N09_POL_I.Data_x.Data_19,
Dnet_C_N09_POL_I.Data_x.Data_20,
Dnet_C_N09_POL_I.Data_x.Data_21,
Dnet_C_N09_POL_I.Data_x.Data_22,
Dnet_C_N09_POL_I.Data_x.Data_23,
Dnet_C_N09_POL_I.Data_x.Data_24,
Dnet_C_N09_POL_I.Data_x.Data_25,
Dnet_C_N09_POL_I.Data_x.Data_26,
Dnet_C_N09_POL_I.Data_x.Data_27,
Dnet_C_N09_POL_I.Data_x.Data_28,
Dnet_C_N09_POL_I.Data_x.Data_29,
Dnet_C_N09_POL_I.Data_x.Data_30,
Dnet_C_N09_POL_I.Data_x.Data_31,
Dnet_C_N09_POL_I.Data_x.Data_32,
Dnet_C_N09_POL_I.Data_x.Data_33,
Dnet_C_N09_POL_I.Data_x.Data_34,
Dnet_C_N09_POL_I.Data_x.Data_35,
Dnet_C_N09_POL_I.Data_x.Data_36,
Dnet_C_N09_POL_I.Data_x.Data_37,
Dnet_C_N09_POL_I.Data_x.Data_38,
Dnet_C_N09_POL_I.Data_x.Data_39,
Dnet_C_N09_POL_I.Data_x.Data_40,
Dnet_C_N09_POL_I.Data_x.Data_41,
Dnet_C_N09_POL_I.Data_x.Data_42,
Dnet_C_N09_POL_I.Data_x.Data_43,
Dnet_C_N09_POL_I.Data_x.Data_44,
Dnet_C_N09_POL_I.Data_x.Data_45,
Dnet_C_N09_POL_I.Data_x.Data_46,
Dnet_C_N09_POL_I.Data_x.Data_47,
Dnet_C_N09_POL_I.Data_x.Data_48,
Dnet_C_N09_POL_I.Data_x.Data_49,
Dnet_C_N09_POL_I.Data_x.Data_50,
Dnet_C_N09_POL_I.Data_x.Data_51,
Dnet_C_N09_POL_I.Data_x.Data_52,
Dnet_C_N09_POL_I.Data_x.Data_53,
Dnet_C_N09_POL_I.Data_x.Data_54,
Dnet_C_N09_POL_I.Data_x.Data_55,
Dnet_C_N09_POL_I.Data_x.Data_56,
Dnet_C_N09_POL_I.Data_x.Data_57,
Dnet_C_N09_POL_I.Data_x.Data_58,
Dnet_C_N09_POL_I.Data_x.Data_59,
Dnet_C_N09_POL_I.Data_x.Data_60,
Dnet_C_N09_POL_I.Data_x.Data_61,
Dnet_C_N09_POL_I.Data_x.Data_62,
Dnet_C_N09_POL_I.Data_x.Data_63,
Dnet_C_N09_POL_I.Data_x.Data_64,
Dnet_C_N09_POL_I.Data_x.Data_65,
Dnet_C_N09_POL_I.Data_x.Data_66,
Dnet_C_N09_POL_I.Data_x.Data_67,
Dnet_C_N09_POL_I.Data_x.Data_68,
Dnet_C_N09_POL_I.Data_x.Data_69,
Dnet_C_N09_POL_I.Data_x.Data_70,
Dnet_C_N09_POL_I.Data_x.Data_71,
Dnet_C_N09_POL_I.Data_x.Data_72,
Dnet_C_N09_POL_I.Data_x.Data_73,
Dnet_C_N09_POL_I.Data_x.Data_74,
Dnet_C_N09_POL_I.Data_x.Data_75,
Dnet_C_N09_POL_I.Data_x.Data_76,
Dnet_C_N09_POL_I.Data_x.Data_77,
Dnet_C_N09_POL_I.Data_x.Data_78,
Dnet_C_N09_POL_I.Data_x.Data_79,
Dnet_C_N09_POL_I.Data_x.Data_80,
Dnet_C_N09_POL_I.Data_x.Data_81,
Dnet_C_N09_POL_I.Data_x.Data_82,
Dnet_C_N09_POL_I.Data_x.Data_83,
